url,doc_id,kind,title,audience,department,category,program_level,language,doc_type,document_version,license_or_permission
https://policy.vinuni.edu.vn/wp-content/uploads/2026/08/VU_TS03.VN_Quy-dinh-tai-chinh-va-Bieu-phi_AY26-27_22.7.2026_Student.pdf,quy-dinh-tai-chinh-bieu-phi,pdf,Quy định Tài chính và Biểu phí (dành cho sinh viên) năm học 2026-2027,student,finance,regulation,all-levels,vi,regulation,VU_TS03.VN (22/07/2026),public-source
https://policy.vinuni.edu.vn/wp-content/uploads/2025/09/GDL-SAM-004-V2.1_Tieu-chi-duy-tri-Hoc-bong-dau-vao-va-Ho-tro-tai-chinh_4.9.2025.pdf,duy-tri-hoc-bong-ho-tro-tai-chinh,pdf,Quy định duy trì Học bổng đầu vào và Hỗ trợ tài chính,student,student-affairs,scholarship,undergraduate,vi,regulation,GDL-SAM-004-V2.1 (04/09/2025),public-source
https://policy.vinuni.edu.vn/all-policies/guidelines-for-student-financial-support-request/,huong-dan-de-nghi-ho-tro-tai-chinh,html,Guidelines for Student Financial Aid Support Request,student,financial-aid-office,financial-aid,undergraduate,en,guideline,GDL-FAO-001-V2.0 (22/04/2025),public-source
https://admissions.vinuni.edu.vn/vi/hoc-phi/cu-nhan/,hoc-phi-cu-nhan,html,Học phí chương trình Cử nhân năm học 2026-2027,all,admissions,tuition,undergraduate,vi,webpage,2026-2027,public-source
https://admissions.vinuni.edu.vn/vi/hoc-phi/sau-dai-hoc/,hoc-phi-sau-dai-hoc,html,Học phí chương trình Sau đại học năm học 2024-2025,all,admissions,tuition,postgraduate,vi,webpage,2024-2025,public-source
https://admissions.vinuni.edu.vn/vi/dai-hoc/cau-hoi-thuong-gap/hoc-phi-hoc-bong-va-ho-tro-tai-chinh/,faq-hoc-phi-hoc-bong,html,"Câu hỏi thường gặp: Học phí, Học bổng và Hỗ trợ tài chính",all,admissions,faq,undergraduate,vi,faq,not-stated,public-source
https://admissions.vinuni.edu.vn/vi/hoc-bong-va-ho-tro-tai-chinh/cu-nhan/hoc-bong/,hoc-bong-cu-nhan,html,Học bổng chương trình Đại học,all,admissions,scholarship,undergraduate,vi,webpage,not-stated,public-source
https://admissions.vinuni.edu.vn/vi/hoc-bong-va-ho-tro-tai-chinh/cu-nhan/ho-tro-tai-chinh/,ho-tro-tai-chinh,html,Hỗ trợ tài chính chương trình Đại học,all,admissions,financial-aid,undergraduate,vi,webpage,not-stated,public-source
https://admissions.vinuni.edu.vn/vi/hoc-bong-va-ho-tro-tai-chinh/cu-nhan/khoan-vay-sinh-vien/,khoan-vay-sinh-vien,html,Chương trình Vay vốn Sinh viên,all,admissions,student-loan,undergraduate,vi,webpage,not-stated,public-source
